USE [master]
GO
/****** Object:  Database [QLCHNM]    Script Date: 22/06/2022 1:48:03 PM ******/
CREATE DATABASE [QLCHNM]
 CONTAINMENT = NONE
 ON  PRIMARY 
( NAME = N'QLCHNM', FILENAME = N'C:\Program Files\Microsoft SQL Server\MSSQL14.SERVER\MSSQL\DATA\QLCHNM.mdf' , SIZE = 8192KB , MAXSIZE = UNLIMITED, FILEGROWTH = 65536KB )
 LOG ON 
( NAME = N'QLCHNM_log', FILENAME = N'C:\Program Files\Microsoft SQL Server\MSSQL14.SERVER\MSSQL\DATA\QLCHNM_log.ldf' , SIZE = 8192KB , MAXSIZE = 2048GB , FILEGROWTH = 65536KB )
GO
ALTER DATABASE [QLCHNM] SET COMPATIBILITY_LEVEL = 140
GO
IF (1 = FULLTEXTSERVICEPROPERTY('IsFullTextInstalled'))
begin
EXEC [QLCHNM].[dbo].[sp_fulltext_database] @action = 'enable'
end
GO
ALTER DATABASE [QLCHNM] SET ANSI_NULL_DEFAULT OFF 
GO
ALTER DATABASE [QLCHNM] SET ANSI_NULLS OFF 
GO
ALTER DATABASE [QLCHNM] SET ANSI_PADDING OFF 
GO
ALTER DATABASE [QLCHNM] SET ANSI_WARNINGS OFF 
GO
ALTER DATABASE [QLCHNM] SET ARITHABORT OFF 
GO
ALTER DATABASE [QLCHNM] SET AUTO_CLOSE OFF 
GO
ALTER DATABASE [QLCHNM] SET AUTO_SHRINK OFF 
GO
ALTER DATABASE [QLCHNM] SET AUTO_UPDATE_STATISTICS ON 
GO
ALTER DATABASE [QLCHNM] SET CURSOR_CLOSE_ON_COMMIT OFF 
GO
ALTER DATABASE [QLCHNM] SET CURSOR_DEFAULT  GLOBAL 
GO
ALTER DATABASE [QLCHNM] SET CONCAT_NULL_YIELDS_NULL OFF 
GO
ALTER DATABASE [QLCHNM] SET NUMERIC_ROUNDABORT OFF 
GO
ALTER DATABASE [QLCHNM] SET QUOTED_IDENTIFIER OFF 
GO
ALTER DATABASE [QLCHNM] SET RECURSIVE_TRIGGERS OFF 
GO
ALTER DATABASE [QLCHNM] SET  ENABLE_BROKER 
GO
ALTER DATABASE [QLCHNM] SET AUTO_UPDATE_STATISTICS_ASYNC OFF 
GO
ALTER DATABASE [QLCHNM] SET DATE_CORRELATION_OPTIMIZATION OFF 
GO
ALTER DATABASE [QLCHNM] SET TRUSTWORTHY OFF 
GO
ALTER DATABASE [QLCHNM] SET ALLOW_SNAPSHOT_ISOLATION OFF 
GO
ALTER DATABASE [QLCHNM] SET PARAMETERIZATION SIMPLE 
GO
ALTER DATABASE [QLCHNM] SET READ_COMMITTED_SNAPSHOT OFF 
GO
ALTER DATABASE [QLCHNM] SET HONOR_BROKER_PRIORITY OFF 
GO
ALTER DATABASE [QLCHNM] SET RECOVERY FULL 
GO
ALTER DATABASE [QLCHNM] SET  MULTI_USER 
GO
ALTER DATABASE [QLCHNM] SET PAGE_VERIFY CHECKSUM  
GO
ALTER DATABASE [QLCHNM] SET DB_CHAINING OFF 
GO
ALTER DATABASE [QLCHNM] SET FILESTREAM( NON_TRANSACTED_ACCESS = OFF ) 
GO
ALTER DATABASE [QLCHNM] SET TARGET_RECOVERY_TIME = 60 SECONDS 
GO
ALTER DATABASE [QLCHNM] SET DELAYED_DURABILITY = DISABLED 
GO
EXEC sys.sp_db_vardecimal_storage_format N'QLCHNM', N'ON'
GO
ALTER DATABASE [QLCHNM] SET QUERY_STORE = OFF
GO
USE [QLCHNM]
GO
/****** Object:  Table [dbo].[CHITIETHD]    Script Date: 22/06/2022 1:48:03 PM ******/
SET ANSI_NULLS ON
GO
SET QUOTED_IDENTIFIER ON
GO
CREATE TABLE [dbo].[CHITIETHD](
	[MADH] [int] NOT NULL,
	[MASP] [int] NOT NULL,
	[SOLUONG] [int] NULL,
 CONSTRAINT [PK_MADH_MASP] PRIMARY KEY CLUSTERED 
(
	[MADH] ASC,
	[MASP] ASC
)WITH (PAD_INDEX = OFF, STATISTICS_NORECOMPUTE = OFF, IGNORE_DUP_KEY = OFF, ALLOW_ROW_LOCKS = ON, ALLOW_PAGE_LOCKS = ON) ON [PRIMARY]
) ON [PRIMARY]
GO
/****** Object:  Table [dbo].[DONHANG]    Script Date: 22/06/2022 1:48:03 PM ******/
SET ANSI_NULLS ON
GO
SET QUOTED_IDENTIFIER ON
GO
CREATE TABLE [dbo].[DONHANG](
	[MADH] [int] IDENTITY(1,1) NOT NULL,
	[MAKH] [int] NULL,
	[NGAYLAP] [date] NULL,
	[TONGTIEN] [int] NULL,
 CONSTRAINT [PK_DH] PRIMARY KEY CLUSTERED 
(
	[MADH] ASC
)WITH (PAD_INDEX = OFF, STATISTICS_NORECOMPUTE = OFF, IGNORE_DUP_KEY = OFF, ALLOW_ROW_LOCKS = ON, ALLOW_PAGE_LOCKS = ON) ON [PRIMARY]
) ON [PRIMARY]
GO
/****** Object:  Table [dbo].[KHACHHANG]    Script Date: 22/06/2022 1:48:03 PM ******/
SET ANSI_NULLS ON
GO
SET QUOTED_IDENTIFIER ON
GO
CREATE TABLE [dbo].[KHACHHANG](
	[MAKH] [int] IDENTITY(1,1) NOT NULL,
	[TENKH] [nvarchar](150) NULL,
	[SDT] [varchar](20) NULL,
	[DIACHI] [nvarchar](550) NULL,
 CONSTRAINT [PK_KH] PRIMARY KEY CLUSTERED 
(
	[MAKH] ASC
)WITH (PAD_INDEX = OFF, STATISTICS_NORECOMPUTE = OFF, IGNORE_DUP_KEY = OFF, ALLOW_ROW_LOCKS = ON, ALLOW_PAGE_LOCKS = ON) ON [PRIMARY]
) ON [PRIMARY]
GO
/****** Object:  Table [dbo].[LOAISP]    Script Date: 22/06/2022 1:48:03 PM ******/
SET ANSI_NULLS ON
GO
SET QUOTED_IDENTIFIER ON
GO
CREATE TABLE [dbo].[LOAISP](
	[MALSP] [int] IDENTITY(1,1) NOT NULL,
	[TENLSP] [nvarchar](150) NULL,
 CONSTRAINT [PK_LSP] PRIMARY KEY CLUSTERED 
(
	[MALSP] ASC
)WITH (PAD_INDEX = OFF, STATISTICS_NORECOMPUTE = OFF, IGNORE_DUP_KEY = OFF, ALLOW_ROW_LOCKS = ON, ALLOW_PAGE_LOCKS = ON) ON [PRIMARY]
) ON [PRIMARY]
GO
/****** Object:  Table [dbo].[SANPHAM]    Script Date: 22/06/2022 1:48:03 PM ******/
SET ANSI_NULLS ON
GO
SET QUOTED_IDENTIFIER ON
GO
CREATE TABLE [dbo].[SANPHAM](
	[MASP] [int] IDENTITY(1,1) NOT NULL,
	[TENSP] [nvarchar](1000) NULL,
	[DONGIA] [int] NULL,
	[MOTA] [nvarchar](max) NULL,
	[SOLUONGTON] [int] NULL,
	[HINHANH] [nvarchar](1000) NULL,
	[MALSP] [int] NULL,
 CONSTRAINT [PK_SP] PRIMARY KEY CLUSTERED 
(
	[MASP] ASC
)WITH (PAD_INDEX = OFF, STATISTICS_NORECOMPUTE = OFF, IGNORE_DUP_KEY = OFF, ALLOW_ROW_LOCKS = ON, ALLOW_PAGE_LOCKS = ON) ON [PRIMARY]
) ON [PRIMARY] TEXTIMAGE_ON [PRIMARY]
GO
/****** Object:  Table [dbo].[TaiKhoan]    Script Date: 22/06/2022 1:48:03 PM ******/
SET ANSI_NULLS ON
GO
SET QUOTED_IDENTIFIER ON
GO
CREATE TABLE [dbo].[TaiKhoan](
	[id] [int] IDENTITY(1,1) NOT NULL,
	[username] [varchar](20) NULL,
	[password] [varchar](20) NULL,
	[address] [nvarchar](50) NULL
) ON [PRIMARY]
GO
INSERT [dbo].[CHITIETHD] ([MADH], [MASP], [SOLUONG]) VALUES (1, 3, 6)
GO
INSERT [dbo].[CHITIETHD] ([MADH], [MASP], [SOLUONG]) VALUES (1, 6, 12)
GO
INSERT [dbo].[CHITIETHD] ([MADH], [MASP], [SOLUONG]) VALUES (2, 2, 3)
GO
INSERT [dbo].[CHITIETHD] ([MADH], [MASP], [SOLUONG]) VALUES (3, 1, 1)
GO
INSERT [dbo].[CHITIETHD] ([MADH], [MASP], [SOLUONG]) VALUES (3, 8, 1)
GO
SET IDENTITY_INSERT [dbo].[DONHANG] ON 
GO
INSERT [dbo].[DONHANG] ([MADH], [MAKH], [NGAYLAP], [TONGTIEN]) VALUES (1, 1, CAST(N'2022-01-25' AS Date), 12000)
GO
INSERT [dbo].[DONHANG] ([MADH], [MAKH], [NGAYLAP], [TONGTIEN]) VALUES (2, 2, CAST(N'2022-07-12' AS Date), 24000)
GO
INSERT [dbo].[DONHANG] ([MADH], [MAKH], [NGAYLAP], [TONGTIEN]) VALUES (3, 6, CAST(N'2022-06-22' AS Date), NULL)
GO
SET IDENTITY_INSERT [dbo].[DONHANG] OFF
GO
SET IDENTITY_INSERT [dbo].[KHACHHANG] ON 
GO
INSERT [dbo].[KHACHHANG] ([MAKH], [TENKH], [SDT], [DIACHI]) VALUES (1, N'TRẦN TUẤN VU', N'951611022', N'31K BÙI THỊ HOA PHƯỜNG 14 QUẬN 8')
GO
INSERT [dbo].[KHACHHANG] ([MAKH], [TENKH], [SDT], [DIACHI]) VALUES (2, N'DUONG MINH ÐẠT', N'384619819', N'21K BÙI VIỆN PHƯỜNG 11 QUẬN 1')
GO
INSERT [dbo].[KHACHHANG] ([MAKH], [TENKH], [SDT], [DIACHI]) VALUES (3, N'LU QUANG TRỰC', N'831191981', N'141 LÊ TRỌNG TẤN PHƯỜNG TÂY THẠNH QUẬN TÂN PHÚ')
GO
INSERT [dbo].[KHACHHANG] ([MAKH], [TENKH], [SDT], [DIACHI]) VALUES (4, N'NGUYỄN CHÍ XIU', N'953165151', N'13 LÊ THỊ THẢO BẾN NGHÉ QUẬN TÂN BÌNH')
GO
INSERT [dbo].[KHACHHANG] ([MAKH], [TENKH], [SDT], [DIACHI]) VALUES (5, N'TRẦN HỒNG PHUONG', N'361514519', N'15 LÊ THỊ RIÊNG BÌNH AN LONG AN')
GO
INSERT [dbo].[KHACHHANG] ([MAKH], [TENKH], [SDT], [DIACHI]) VALUES (6, N'werty', N'0858394960', N'juohuihguhsio')
GO
SET IDENTITY_INSERT [dbo].[KHACHHANG] OFF
GO
SET IDENTITY_INSERT [dbo].[LOAISP] ON 
GO
INSERT [dbo].[LOAISP] ([MALSP], [TENLSP]) VALUES (1, N'NƯỚC CHẤM')
GO
INSERT [dbo].[LOAISP] ([MALSP], [TENLSP]) VALUES (2, N'NƯỚC TƯƠNG')
GO
INSERT [dbo].[LOAISP] ([MALSP], [TENLSP]) VALUES (3, N'NƯỚC MẮM MẶN')
GO
INSERT [dbo].[LOAISP] ([MALSP], [TENLSP]) VALUES (4, N'NƯỚC MẮM CHAY')
GO
INSERT [dbo].[LOAISP] ([MALSP], [TENLSP]) VALUES (5, N'TƯƠNG ỚT')
GO
SET IDENTITY_INSERT [dbo].[LOAISP] OFF
GO
SET IDENTITY_INSERT [dbo].[SANPHAM] ON 
GO
INSERT [dbo].[SANPHAM] ([MASP], [TENSP], [DONGIA], [MOTA], [SOLUONGTON], [HINHANH], [MALSP]) VALUES (1, N'NƯỚC CHẤM THÁI LONG RỒNG VÀNG ĐẬM ĐÀ 5N CHAI 1.8 LÍT', 50000, N'', 500, N'NuocChamThaiLongRongVangDamDa5NChai1.8Lit.png', 1)
GO
INSERT [dbo].[SANPHAM] ([MASP], [TENSP], [DONGIA], [MOTA], [SOLUONGTON], [HINHANH], [MALSP]) VALUES (2, N'NƯỚC CHẤM THÁI LONG RỒNG VÀNG ĐẬM ĐÀ 5N CHAI 800ML', 100000, NULL, 500, N'NuocChamThaiLongRongVangDamDa5NChai800ml.png', 1)
GO
INSERT [dbo].[SANPHAM] ([MASP], [TENSP], [DONGIA], [MOTA], [SOLUONGTON], [HINHANH], [MALSP]) VALUES (3, N'NƯỚC CHẤM THÁI LONG RỒNG VÀNG ĐẬM ĐÀ 5N CHAI 900ML', 75000, N'', 500, N'NuocChamThaiLongRongVangDamDa5NChai900ml.png', 1)
GO
INSERT [dbo].[SANPHAM] ([MASP], [TENSP], [DONGIA], [MOTA], [SOLUONGTON], [HINHANH], [MALSP]) VALUES (4, N'NƯỚC CHẤM TỎI ỚT THÁI LONG NGON NGON CHAI 500ML', 95000, N'', 500, N'NuocChamToiOtThaiLongNgonNgonChai500ml.png', 1)
GO
INSERT [dbo].[SANPHAM] ([MASP], [TENSP], [DONGIA], [MOTA], [SOLUONGTON], [HINHANH], [MALSP]) VALUES (5, N'NƯỚC MẮM CÁ CƠM THÁI LONG HẢO HẢO 12N CHAI 500ML', 90000, N'', 500, N'NuocMamCaComThaiLongHaoHao12NChai500ml.jpg', 3)
GO
INSERT [dbo].[SANPHAM] ([MASP], [TENSP], [DONGIA], [MOTA], [SOLUONGTON], [HINHANH], [MALSP]) VALUES (6, N'NƯỚC MẮM CÁ CƠM THÁI LONG HẢO HẢO 12N CHAI 750ML', 110000, N'', 500, N'NuocMamCaComThaiLongHaoHao12NChai750ml.jpg', 3)
GO
INSERT [dbo].[SANPHAM] ([MASP], [TENSP], [DONGIA], [MOTA], [SOLUONGTON], [HINHANH], [MALSP]) VALUES (7, N'NƯỚC MẮM ĐẬU NÀNH THÁI LONG CHAY NGON 150ML', 100000, N'', 500, N'NuocMamDauNanhThaiLongChayNgon150ml.png', 4)
GO
INSERT [dbo].[SANPHAM] ([MASP], [TENSP], [DONGIA], [MOTA], [SOLUONGTON], [HINHANH], [MALSP]) VALUES (8, N'NƯỚC MẮM ĐẬU NÀNH THÁI LONG CHAY NGON 500ML', 150000, N'', 500, N'NuocMamDauNanhThaiLongChayNgon500ml.png', 4)
GO
INSERT [dbo].[SANPHAM] ([MASP], [TENSP], [DONGIA], [MOTA], [SOLUONGTON], [HINHANH], [MALSP]) VALUES (9, N'NƯỚC MẮM HẢO HẠNG THÁI LONG - NHÃN VÀNG 595ML - 16N', 100000, N'', 500, N'NuocMamHaoHangThaiLong-NhanVang595ml-16N.png', 3)
GO
INSERT [dbo].[SANPHAM] ([MASP], [TENSP], [DONGIA], [MOTA], [SOLUONGTON], [HINHANH], [MALSP]) VALUES (10, N'NƯỚC MẮM THÁI LONG NHÃN ĐỎ LOẠI 1 - 15N CHAI 500ML', 150000, N'', 500, N'NuocMamThaiLongNhanDoLoai1-15NChai500ml.jpg', 3)
GO
INSERT [dbo].[SANPHAM] ([MASP], [TENSP], [DONGIA], [MOTA], [SOLUONGTON], [HINHANH], [MALSP]) VALUES (11, N'NƯỚC MẮM THÁI LONG NHÃN ĐỎ LOẠI 1 - 15N CHAI 750ML', 120000, N'', 500, N'NuocMamThaiLongNhanDoLoai1-15NChai750ml.jpg', 3)
GO
INSERT [dbo].[SANPHAM] ([MASP], [TENSP], [DONGIA], [MOTA], [SOLUONGTON], [HINHANH], [MALSP]) VALUES (12, N'NƯỚC MẮM THÁI LONG NHÃN VÀNG HẢO HẠNG 20N CHAI 500ML', 140000, N'', 500, N'NuocMamThaiLongNhanVangHaoHang20NChai500ml.jpg', 3)
GO
INSERT [dbo].[SANPHAM] ([MASP], [TENSP], [DONGIA], [MOTA], [SOLUONGTON], [HINHANH], [MALSP]) VALUES (13, N'NƯỚC MẮM THÁI LONG PHAN THIẾT LOẠI CỰC PHẨM 40N CHAI THỦY TINH 500ML', 100000, N'', 500, N'NuocMamThaiLongPhanThietLoaiCucPham40NChaiThuyTinh500ml.png', 3)
GO
INSERT [dbo].[SANPHAM] ([MASP], [TENSP], [DONGIA], [MOTA], [SOLUONGTON], [HINHANH], [MALSP]) VALUES (14, N'NƯỚC MẮM THÁI LONG PHAN THIẾT NHÃN VÀNG HẢO HẠNG 20N CHAI THỦY TINH 500ML', 95000, N'', 500, N'NuocMamThaiLongPhanThietNhanVangHaoHang20NChaiThuyTinh500ml.png', 3)
GO
INSERT [dbo].[SANPHAM] ([MASP], [TENSP], [DONGIA], [MOTA], [SOLUONGTON], [HINHANH], [MALSP]) VALUES (15, N'NƯỚC MẮM THÁI LONG VI CHẤT 12N CHAI 500ML', 85000, N'', 500, N'NuocMamThaiLongViChat12NChai500ml.jpg', 3)
GO
INSERT [dbo].[SANPHAM] ([MASP], [TENSP], [DONGIA], [MOTA], [SOLUONGTON], [HINHANH], [MALSP]) VALUES (16, N'NƯỚC MẮM THÁI LONG VI CHẤT 12N CHAI 750ML', 120000, N'', 500, N'NuocMamThaiLongViChat12NChai750ml.jpg', 3)
GO
INSERT [dbo].[SANPHAM] ([MASP], [TENSP], [DONGIA], [MOTA], [SOLUONGTON], [HINHANH], [MALSP]) VALUES (17, N'NƯỚC TƯƠNG THÁI LONG HẢO HẠNG CHAI 250ML', 90000, N'', 500, N'NuocTuongThaiLongHaoHangToiOtChai250ml.png', 2)
GO
INSERT [dbo].[SANPHAM] ([MASP], [TENSP], [DONGIA], [MOTA], [SOLUONGTON], [HINHANH], [MALSP]) VALUES (18, N'NƯỚC TƯƠNG THÁI LONG HẢO HẠNG TỎI ỚT CHAI 250ML', 110000, N'', 500, N'NuocTuongThaiLongHaoHangChai250ml.png', 2)
GO
INSERT [dbo].[SANPHAM] ([MASP], [TENSP], [DONGIA], [MOTA], [SOLUONGTON], [HINHANH], [MALSP]) VALUES (19, N'NƯỚC TƯƠNG THÁI LONG HẢO HẢO CHAI 500ML', 150000, N'', 500, N'NuocTuongThaiLongHaoHaoChai500ml.png', 2)
GO
INSERT [dbo].[SANPHAM] ([MASP], [TENSP], [DONGIA], [MOTA], [SOLUONGTON], [HINHANH], [MALSP]) VALUES (20, N'TƯƠNG ỚT THÁI LONG HẢO HẠNG 250GR', 90000, N'', 500, N'TuongOtThaiLongHaoHang250gr.jpg', 5)
GO
SET IDENTITY_INSERT [dbo].[SANPHAM] OFF
GO
SET IDENTITY_INSERT [dbo].[TaiKhoan] ON 
GO
INSERT [dbo].[TaiKhoan] ([id], [username], [password], [address]) VALUES (1, N'admin', N'admin', N'140 Lê Trọng Tấn')
GO
SET IDENTITY_INSERT [dbo].[TaiKhoan] OFF
GO
ALTER TABLE [dbo].[CHITIETHD]  WITH CHECK ADD  CONSTRAINT [FK_MADH_CTHD] FOREIGN KEY([MADH])
REFERENCES [dbo].[DONHANG] ([MADH])
GO
ALTER TABLE [dbo].[CHITIETHD] CHECK CONSTRAINT [FK_MADH_CTHD]
GO
ALTER TABLE [dbo].[CHITIETHD]  WITH CHECK ADD  CONSTRAINT [FK_MASP_CTHD] FOREIGN KEY([MASP])
REFERENCES [dbo].[SANPHAM] ([MASP])
GO
ALTER TABLE [dbo].[CHITIETHD] CHECK CONSTRAINT [FK_MASP_CTHD]
GO
ALTER TABLE [dbo].[DONHANG]  WITH CHECK ADD  CONSTRAINT [FK_MAKH_DH] FOREIGN KEY([MAKH])
REFERENCES [dbo].[KHACHHANG] ([MAKH])
GO
ALTER TABLE [dbo].[DONHANG] CHECK CONSTRAINT [FK_MAKH_DH]
GO
ALTER TABLE [dbo].[SANPHAM]  WITH CHECK ADD  CONSTRAINT [FK_SP_LSP] FOREIGN KEY([MALSP])
REFERENCES [dbo].[LOAISP] ([MALSP])
GO
ALTER TABLE [dbo].[SANPHAM] CHECK CONSTRAINT [FK_SP_LSP]
GO
USE [master]
GO
ALTER DATABASE [QLCHNM] SET  READ_WRITE 
GO
